trip_id,arc_id,arc_sequence,geometry,stop_id,interval_weekdays_morning,interval_weekends_morning,interval_weekdays_evening,interval_weekends_evening,route_short_name,route_long_name,route_type,length,t0,stops_number,geometry_stops,stop_dist,stops_order,coef_distance,from_node_id,from_node_lng,from_node_lat,to_node_id,to_node_lng,to_node_lat
35263,2287527505278933268,1,"LINESTRING (37.49704635 55.82042647, 37.49702894000001 55.82046088999999, 37.49702336 55.82047506, 37.49702056 55.82048659, 37.49702243 55.82049656, 37.4970308 55.820506519999995, 37.49704105 55.82051596999999, 37.49706062 55.82052907999999, 37.497087400000005 55.82054088, 37.49762465 55.82068691, 37.49764923 55.82069167000001, 37.49766643 55.82069298999999, 37.49768379 55.820692780000016, 37.49770088 55.820691030000006, 37.49771727 55.82068782, 37.49773257 55.82068318999999, 37.49774639 55.82067727, 37.49775839 55.82067021000001, 37.4977683 55.82066217999999, 37.49777388 55.820656019999994, 37.49784489 55.82057561999999, 37.49792917 55.82047841000001)",8559,512.4,894.3,620.0,765.3,90,"""Метро """"Войковская"""" - Метро """"Речной вокзал""""""",А,85.03,10.2,1,POINT (37.49779902 55.82053327),0.0009810818806336393,0,1.0,100000052,37.49704635,55.82042647,100000053,37.49792917,55.82047841000001
35263,2287531565869969961,2,"LINESTRING (37.49792917 55.82047841000001, 37.49800943 55.82039181, 37.49802186 55.820379939999995, 37.49803645 55.82036887, 37.49805301 55.82035872000001, 37.49807136 55.82034959, 37.49809129 55.8203416, 37.4981126 55.82033482, 37.49813507 55.82032934, 37.49815841 55.820325209999986, 37.49818241 55.820322469999994, 37.49820677 55.82032117, 37.49823125 55.820321299999996, 37.49825557 55.82032286999999, 37.49827947 55.820325869999984, 37.49830654 55.82033113, 37.49842731 55.820358150000004)",0,512.4,894.3,620.0,765.3,90,"""Метро """"Войковская"""" - Метро """"Речной вокзал""""""",А,40.75,4.9,1,,0.0,0,1.0,100000053,37.49792917,55.82047841000001,100000054,37.49842731,55.820358150000004
35263,2937584174032259413,3,"LINESTRING (37.49842731 55.820358150000004, 37.49904761 55.82051732, 37.49989289 55.82074019, 37.49998575 55.82076766)",8556,512.4,894.3,620.0,765.3,90,"""Метро """"Войковская"""" - Метро """"Речной вокзал""""""",А,107.78,12.9,1,POINT (37.49993048 55.82072563),0.001546479539249685,0,1.0,100000054,37.49842731,55.820358150000004,100000055,37.49998575,55.82076766
35263,3224701891021424791,4,"LINESTRING (37.49998575 55.82076766, 37.50105452 55.82108375999999)",0,512.4,894.3,620.0,765.3,90,"""Метро """"Войковская"""" - Метро """"Речной вокзал""""""",А,75.65,9.1,1,,0.0,0,1.0,100000055,37.49998575,55.82076766,100000056,37.50105452,55.82108375999999
35263,2952401293265370513,5,"LINESTRING (37.50105452 55.82108375999999, 37.50118405 55.821133499999995, 37.50118742 55.821134739999984, 37.50120428 55.82114181, 37.50121975 55.82114984999998, 37.50123363 55.82115873999999, 37.50124579 55.821168409999984, 37.50125608 55.82117874, 37.50126441 55.821189619999984, 37.50127066 55.82120093, 37.50127478 55.82121253999998, 37.50127673 55.82122432999999, 37.50127647 55.82123618, 37.50127402 55.82124793, 37.5012694 55.82125949, 37.50126266 55.82127070999999, 37.50122837 55.82131923000001, 37.50121946 55.82133181)",0,512.4,894.3,620.0,765.3,90,"""Метро """"Войковская"""" - Метро """"Речной вокзал""""""",А,34.53,4.1,1,,0.0,0,1.0,100000056,37.50105452,55.82108375999999,100000057,37.50121946,55.82133181
35263,2937575902277674327,6,"LINESTRING (37.50121946 55.82133181, 37.5009862 55.82161369999999, 37.50047489 55.82227033, 37.5003453 55.8224514)",0,512.4,894.3,620.0,765.3,90,"""Метро """"Войковская"""" - Метро """"Речной вокзал""""""",А,136.14,16.3,1,,0.0,0,1.0,100000057,37.50121946,55.82133181,100000058,37.5003453,55.8224514
35263,2937575335341991255,7,"LINESTRING (37.5003453 55.8224514, 37.50029012 55.8225588, 37.50028556 55.822567209999995, 37.50027815 55.82258587999999, 37.50027424 55.82260489, 37.50027388 55.822624019999985, 37.50027708 55.82264307, 37.5002838 55.822661829999994, 37.50029397 55.82268007999999, 37.50030747 55.82269763999999, 37.50032416 55.82271432, 37.50034385 55.822729909999985, 37.50036631 55.82274426, 37.50039133 55.82275722, 37.50041862 55.82276862999999, 37.50044788 55.82277836000001, 37.50049642 55.82279264, 37.50052910000001 55.82280226)",0,512.4,894.3,620.0,765.3,90,"""Метро """"Войковская"""" - Метро """"Речной вокзал""""""",А,46.85,5.6,1,,0.0,0,1.0,100000058,37.5003453,55.8224514,100000059,37.50052910000001,55.82280226
35263,2937575343579498837,8,"LINESTRING (37.50052910000001 55.82280226, 37.50164454 55.82306970999999, 37.50286533 55.82336990000001, 37.50511416 55.82391865999999, 37.50577105 55.82408188, 37.50611582 55.82416682999999)",99,512.4,894.3,620.0,765.3,90,"""Метро """"Войковская"""" - Метро """"Речной вокзал""""""",А,381.59,45.8,1,POINT (37.50259018 55.82324046),0.0021061128202735702,0,1.0,100000059,37.50052910000001,55.82280226,100000060,37.50611582,55.82416682999999
35263,2942796918736060837,9,"LINESTRING (37.50611582 55.82416682999999, 37.50626258 55.824200919999996)",0,512.4,894.3,620.0,765.3,90,"""Метро """"Войковская"""" - Метро """"Речной вокзал""""""",А,9.95,1.2,1,,0.0,0,1.0,100000060,37.50611582,55.82416682999999,100000061,37.50626258,55.824200919999996
35263,2942796935915930021,10,"LINESTRING (37.50626258 55.824200919999996, 37.50650204 55.824252699999995, 37.50738818 55.82445091, 37.508197900000006 55.82463129999999, 37.50886321 55.82478072999999, 37.50916326 55.82484837999999, 37.50927042 55.824873540000006, 37.50933565 55.824890839999995, 37.50936546 55.82489988999999)",100,512.4,894.3,620.0,765.3,90,"""Метро """"Войковская"""" - Метро """"Речной вокзал""""""",А,209.43,25.1,1,POINT (37.50872434 55.82466889),0.0025044831656735357,0,1.0,100000061,37.50626258,55.824200919999996,100000062,37.50936546,55.82489988999999
35263,2937573745851664725,11,"LINESTRING (37.50936546 55.82489988999999, 37.50940041 55.824912999999995, 37.5094304 55.82492599999999, 37.50946331 55.82494411, 37.50947846 55.82495365, 37.50949078 55.82496489, 37.50951213 55.82498782999999, 37.50952687 55.825012359999995, 37.50953088 55.82502509999999, 37.5095346 55.82503789000001, 37.50953322 55.82506248, 37.50953142 55.82507540999999, 37.50952486 55.8250959)",0,512.4,894.3,620.0,765.3,90,"""Метро """"Войковская"""" - Метро """"Речной вокзал""""""",А,25.93,3.1,1,,0.0,0,1.0,100000062,37.50936546,55.82489988999999,100000063,37.50952486,55.8250959
35263,2937573746673994412,12,"LINESTRING (37.50952486 55.8250959, 37.5094331 55.82524278, 37.509241 55.82556603, 37.50907102 55.82584862, 37.50905588 55.825893199999996, 37.5090524 55.82593581999999, 37.50906173 55.82597909, 37.50908154 55.826021049999994, 37.50911881 55.82606366, 37.50916192 55.82610037, 37.50922482 55.826136430000005, 37.50929589 55.82616723999999, 37.50937626 55.82619870999999, 37.50949741 55.82623474999999, 37.50956613 55.826253109999996, 37.51010374 55.82639799999999, 37.51178883 55.82679315, 37.513045 55.827091499999995, 37.51412915 55.827358)",949,512.4,894.3,620.0,765.3,90,"""Метро """"Войковская"""" - Метро """"Речной вокзал""""""",А,460.14,55.2,1,POINT (37.51405146 55.82726349),0.006203653487003471,0,1.0,100000063,37.50952486,55.8250959,100000064,37.51412915,55.827358
35263,2937558481890321751,13,"LINESTRING (37.51412915 55.827358, 37.51454633 55.827474679999995)",0,512.4,894.3,620.0,765.3,90,"""Метро """"Войковская"""" - Метро """"Речной вокзал""""""",А,29.19,3.5,1,,0.0,0,1.0,100000064,37.51412915,55.827358,100000065,37.51454633,55.827474679999995
35263,2937558490127829333,14,"LINESTRING (37.51454633 55.827474679999995, 37.51470658 55.827522429999995)",0,512.4,894.3,620.0,765.3,90,"""Метро """"Войковская"""" - Метро """"Речной вокзал""""""",А,11.36,1.4,1,,0.0,0,1.0,100000065,37.51454633,55.827474679999995,100000066,37.51470658,55.827522429999995
35263,2288097705137150228,15,"LINESTRING (37.51470658 55.827522429999995, 37.51480793 55.82755956000001, 37.51481322 55.82756145999999, 37.51484201 55.827573329999986, 37.51486844 55.827586829999994, 37.51489221 55.82760182, 37.51491309 55.82761812, 37.51493081 55.82763555999999, 37.5149452 55.827653949999984, 37.5149561 55.82767308, 37.51496339 55.82769274999999, 37.51496697 55.82771274, 37.51496684 55.827732829999995, 37.51496297 55.82775279999999, 37.51495541 55.82777244, 37.514944240000005 55.82779153000001, 37.5149296 55.82780985, 37.51489053 55.827847399999996, 37.51479393 55.82791108000001)",0,512.4,894.3,620.0,765.3,90,"""Метро """"Войковская"""" - Метро """"Речной вокзал""""""",А,53.44,6.4,1,,0.0,0,1.0,100000066,37.51470658,55.827522429999995,100000067,37.51479393,55.82791108000001
35263,2937558352688875861,16,"LINESTRING (37.51479393 55.82791108000001, 37.51474664 55.82793731, 37.51321999 55.82884778, 37.51253431 55.82925377, 37.51146989 55.82987806)",101,512.4,894.3,620.0,765.3,90,"""Метро """"Войковская"""" - Метро """"Речной вокзал""""""",А,302.17,36.3,1,POINT (37.51170757 55.82979654),0.003616195051350895,0,1.0,100000067,37.51479393,55.82791108000001,100000068,37.51146989,55.82987806
35263,2937546713679930711,17,"LINESTRING (37.51146989 55.82987806, 37.51137026 55.829935709999994, 37.51131607 55.82997285999999, 37.51128309 55.82999939, 37.51121946 55.830065729999994, 37.51119119 55.83010154000001, 37.51116529 55.8301493, 37.51104347 55.830421969999996, 37.51102525 55.830457800000005, 37.510999420000005 55.83049208999999, 37.51096635 55.830524360000005, 37.51092653 55.830554140000004, 37.51089738 55.830571889999995, 37.51077183 55.830645449999984)",0,512.4,894.3,620.0,765.3,90,"""Метро """"Войковская"""" - Метро """"Речной вокзал""""""",А,98.14,11.8,1,,0.0,0,1.0,100000068,37.51146989,55.82987806,100000069,37.51077183,55.830645449999984
35263,2937546721917438293,18,"LINESTRING (37.51077183 55.830645449999984, 37.51013087 55.83102091000001, 37.50962422 55.83132871000001)",0,512.4,894.3,620.0,765.3,90,"""Метро """"Войковская"""" - Метро """"Речной вокзал""""""",А,104.66,12.6,1,,0.0,0,1.0,100000069,37.51077183,55.830645449999984,100000070,37.50962422,55.83132871000001
35263,2952419007026820679,19,"LINESTRING (37.50962422 55.83132871000001, 37.50944277 55.831438819999995)",0,512.4,894.3,620.0,765.3,90,"""Метро """"Войковская"""" - Метро """"Речной вокзал""""""",А,16.72,2.0,1,,0.0,0,1.0,100000070,37.50962422,55.83132871000001,100000071,37.50944277,55.831438819999995
35263,2991066672065750289,20,"LINESTRING (37.50944277 55.831438819999995, 37.509094 55.831663029999994, 37.50879 55.83186866)",0,512.4,894.3,620.0,765.3,90,"""Метро """"Войковская"""" - Метро """"Речной вокзал""""""",А,62.94,7.6,1,,0.0,0,1.0,100000071,37.50944277,55.831438819999995,100000072,37.50879,55.83186866
35263,2991066783734899985,21,"LINESTRING (37.50879 55.83186866, 37.50856613 55.83203315999999, 37.50813253 55.83237542999999, 37.50794636 55.83252666999999, 37.50773733 55.83270990999999, 37.50737607 55.83306525999999, 37.50708621 55.833361100000005, 37.50689062 55.83359458, 37.50666675 55.83387183)",0,512.4,894.3,620.0,765.3,90,"""Метро """"Войковская"""" - Метро """"Речной вокзал""""""",А,260.37,31.2,1,,0.0,0,1.0,100000072,37.50879,55.83186866,100000073,37.50666675,55.83387183
35263,3182399989222055939,22,"LINESTRING (37.50666675 55.83387183, 37.50656542 55.833988569999995)",0,512.4,894.3,620.0,765.3,90,"""Метро """"Войковская"""" - Метро """"Речной вокзал""""""",А,14.46,1.7,1,,0.0,0,1.0,100000073,37.50666675,55.83387183,100000074,37.50656542,55.833988569999995
35263,3182400796675907587,23,"LINESTRING (37.50656542 55.833988569999995, 37.50612945 55.83447675, 37.50607995 55.83453512, 37.50597627 55.83467042000001, 37.50590321 55.83477788, 37.50585137 55.83486942, 37.50579952 55.8349636, 37.50574297000001 55.83508564000001, 37.50559687 55.83538676999999, 37.50552619 55.835588399999985, 37.50547906 55.83573032999999, 37.50535655 55.83613493, 37.50535639000001 55.83613552999999, 37.50524346 55.83656473, 37.50517226 55.83683411, 37.50517067 55.83683869999999, 37.50514473 55.83689573999999, 37.50514351 55.836897919999984, 37.50511085000001 55.83695610999999, 37.50509568 55.83698026)",1000827,512.4,894.3,620.0,765.3,90,"""Метро """"Войковская"""" - Метро """"Речной вокзал""""""",А,347.95,41.8,1,POINT (37.5057291 55.8352425),0.0015258444565543277,0,1.0,100000074,37.50656542,55.833988569999995,100000075,37.50509568,55.83698026
35263,3358950725285932229,24,"LINESTRING (37.50509568 55.83698026, 37.5050526 55.837050239999996, 37.50504713 55.837060900000004, 37.50504368 55.83707181, 37.50504228 55.837082869999996, 37.50504292 55.837093949999996, 37.50504564 55.83710493, 37.505050360000006 55.8371157, 37.50505707 55.83712613, 37.50506569 55.837136099999995, 37.5050761 55.837145510000006, 37.5050882 55.83715426, 37.50510186 55.83716225999999, 37.50511693 55.83716939999999, 37.50513325 55.83717561, 37.5052631 55.83719764999999)",0,512.4,894.3,620.0,765.3,90,"""Метро """"Войковская"""" - Метро """"Речной вокзал""""""",А,32.78,3.9,1,,0.0,0,1.0,100000075,37.50509568,55.83698026,100000076,37.5052631,55.83719764999999
35263,2288139323370248468,25,"LINESTRING (37.5052631 55.83719764999999, 37.509795480806424 55.83753816198611)",103,512.4,894.3,620.0,765.3,90,"""Метро """"Войковская"""" - Метро """"Речной вокзал""""""",А,1276.3,38.3,4,POINT (37.50611432 55.83722166),0.0008503467536604949,1,0.25,100000076,37.5052631,55.83719764999999,100000077,37.509795480806424,55.83753816198611
35263,2288139323370248468,25,"LINESTRING (37.509795480806424 55.83753816198611, 37.514328806549315 55.83786635289901)",104,512.4,894.3,620.0,765.3,90,"""Метро """"Войковская"""" - Метро """"Речной вокзал""""""",А,1276.3,76.6,4,POINT (37.51312248 55.83772474),0.007876941362434144,2,0.5,100000077,37.509795480806424,55.83753816198611,100000078,37.514328806549315,55.83786635289901
35263,2288139323370248468,25,"LINESTRING (37.514328806549315 55.83786635289901, 37.51760644821612 55.84085264328008)",105,512.4,894.3,620.0,765.3,90,"""Метро """"Войковская"""" - Метро """"Речной вокзал""""""",А,1276.3,114.89999999999999,4,POINT (37.51644356 55.8395005),0.011847044458145405,3,0.75,100000078,37.514328806549315,55.83786635289901,100000079,37.51760644821612,55.84085264328008
35263,2288139323370248468,25,"LINESTRING (37.51760644821612 55.84085264328008, 37.52201128 55.84155562)",106,512.4,894.3,620.0,765.3,90,"""Метро """"Войковская"""" - Метро """"Речной вокзал""""""",А,1276.3,153.2,4,POINT (37.51935117 55.84121915),0.015451148777288816,4,1.0,100000079,37.51760644821612,55.84085264328008,100000080,37.52201128,55.84155562
35263,2884907758060400142,26,"LINESTRING (37.52201128 55.84155562, 37.522115340000006 55.8415925, 37.5221768 55.841618280000006, 37.52223035 55.84164915999999, 37.52227464 55.84168437, 37.5223086 55.84172303999999, 37.52233139 55.84176423000001, 37.52234245 55.84180691, 37.5223415 55.84185005, 37.52232086 55.84191456999999)",0,512.4,894.3,620.0,765.3,90,"""Метро """"Войковская"""" - Метро """"Речной вокзал""""""",А,48.61,5.8,1,,0.0,0,1.0,100000080,37.52201128,55.84155562,100000081,37.52232086,55.84191456999999
35263,2289585859855874997,27,"LINESTRING (37.52232086 55.84191456999999, 37.52225514 55.842095410000006, 37.52222005 55.84220327999999, 37.52219372 55.842306609999994, 37.52202892 55.84321292, 37.52186693 55.844199119999985, 37.52176187 55.84489405000001)",0,512.4,894.3,620.0,765.3,90,"""Метро """"Войковская"""" - Метро """"Речной вокзал""""""",А,333.64,40.0,1,,0.0,0,1.0,100000081,37.52232086,55.84191456999999,100000082,37.52176187,55.84489405000001
35263,2933974064598772829,28,"LINESTRING (37.52176187 55.84489405000001, 37.52172495 55.84513823999998)",0,512.4,894.3,620.0,765.3,90,"""Метро """"Войковская"""" - Метро """"Речной вокзал""""""",А,27.28,3.3,1,,0.0,0,1.0,100000082,37.52176187,55.84489405000001,100000083,37.52172495,55.84513823999998
35263,2933974073188707421,29,"LINESTRING (37.52172495 55.84513823999998, 37.52167007 55.84550119, 37.52154309 55.846212230000006, 37.52143419 55.84681051, 37.52130124 55.847541, 37.52108409 55.84871791)",107,512.4,894.3,620.0,765.3,90,"""Метро """"Войковская"""" - Метро """"Речной вокзал""""""",А,400.46,48.1,1,POINT (37.52181196 55.84540799),0.0002537097168074778,0,1.0,100000083,37.52172495,55.84513823999998,100000084,37.52108409,55.84871791
35263,2349850848635405895,30,"LINESTRING (37.52108409 55.84871791, 37.52104168 55.84881888999999, 37.52099198 55.84892186999999)",0,512.4,894.3,620.0,765.3,90,"""Метро """"Войковская"""" - Метро """"Речной вокзал""""""",А,23.43,2.8,1,,0.0,0,1.0,100000084,37.52108409,55.84871791,100000086,37.52099198,55.84892186999999
35263,2925705667530512447,31,"LINESTRING (37.51966947400128 55.85126515847382, 37.51788124 55.85320118)",109,512.4,894.3,620.0,765.3,90,"""Метро """"Войковская"""" - Метро """"Речной вокзал""""""",А,520.01,62.4,2,POINT (37.5192826 55.85217697),0.003666993501612774,2,1.0,100000085,37.51966947400128,55.85126515847382,100000087,37.51788124,55.85320118
35263,2925705667530512447,31,"LINESTRING (37.52099198 55.84892186999999, 37.51966947400128 55.85126515847382)",108,512.4,894.3,620.0,765.3,90,"""Метро """"Войковская"""" - Метро """"Речной вокзал""""""",А,520.01,31.2,2,POINT (37.52077371 55.84940542),0.0005285778815145554,1,0.5,100000086,37.52099198,55.84892186999999,100000085,37.51966947400128,55.85126515847382
35263,2349766055905718331,32,"LINESTRING (37.51788124 55.85320118, 37.51734745 55.85349686)",0,512.4,894.3,620.0,765.3,90,"""Метро """"Войковская"""" - Метро """"Речной вокзал""""""",А,46.91,5.6,1,,0.0,0,1.0,100000087,37.51788124,55.85320118,100000088,37.51734745,55.85349686
35263,2885673925479234905,33,"LINESTRING (37.51734745 55.85349686, 37.51699331 55.85369303, 37.51655283 55.853950090000005, 37.51630578 55.85410749, 37.51592486 55.85436306999999, 37.51497688 55.8550458, 37.51419151 55.85562444000001, 37.51384588 55.85587537)",0,512.4,894.3,620.0,765.3,90,"""Метро """"Войковская"""" - Метро """"Речной вокзал""""""",А,344.14,41.3,1,,0.0,0,1.0,100000088,37.51734745,55.85349686,100000089,37.51384588,55.85587537
35263,2349768663949631607,34,"LINESTRING (37.51384588 55.85587537, 37.51348676 55.85613857999999, 37.51344499 55.85616898999999)",0,512.4,894.3,620.0,765.3,90,"""Метро """"Войковская"""" - Метро """"Речной вокзал""""""",А,41.21,4.9,1,,0.0,0,1.0,100000089,37.51384588,55.85587537,100000090,37.51344499,55.85616898999999
35263,2542028251357225326,35,"LINESTRING (37.51344499 55.85616898999999, 37.51314067 55.85639051, 37.51285366 55.85659546, 37.51139654 55.85765099999999)",110,512.4,894.3,620.0,765.3,90,"""Метро """"Войковская"""" - Метро """"Речной вокзал""""""",А,208.94,25.1,1,POINT (37.51306166 55.85651928),0.0005155377550868673,0,1.0,100000090,37.51344499,55.85616898999999,100000091,37.51139654,55.85765099999999
35263,2349790906586492987,36,"LINESTRING (37.51139654 55.85765099999999, 37.51109678 55.857866869999995)",0,512.4,894.3,620.0,765.3,90,"""Метро """"Войковская"""" - Метро """"Речной вокзал""""""",А,30.49,3.7,1,,0.0,0,1.0,100000091,37.51139654,55.85765099999999,100000092,37.51109678,55.857866869999995
35263,2937626936976919803,37,"LINESTRING (37.51109678 55.857866869999995, 37.51108214 55.85787742, 37.50998486 55.85867783999999, 37.506495 55.86121611)",111,512.4,894.3,620.0,765.3,90,"""Метро """"Войковская"""" - Метро """"Речной вокзал""""""",А,471.13,56.5,1,POINT (37.50880466 55.85959686),0.0028712546119419855,0,1.0,100000092,37.51109678,55.857866869999995,100000093,37.506495,55.86121611
35263,2962895281956777996,38,"LINESTRING (37.506495 55.86121611, 37.50597388 55.8615951, 37.50582208 55.86170743, 37.50571537 55.861788010000005, 37.50569858 55.86180228999999)",0,512.4,894.3,620.0,765.3,90,"""Метро """"Войковская"""" - Метро """"Речной вокзал""""""",А,82.12,9.9,1,,0.0,0,1.0,100000093,37.506495,55.86121611,100000094,37.50569858,55.86180228999999
35263,2886288257486257507,39,"LINESTRING (37.50569858 55.86180228999999, 37.50564277 55.86185535999999, 37.50561362 55.86189862999999, 37.50559731 55.861947149999985, 37.50559731 55.86198320999999, 37.50560081 55.86202254999999, 37.50561129 55.86210011)",0,512.4,894.3,620.0,765.3,90,"""Метро """"Войковская"""" - Метро """"Речной вокзал""""""",А,34.57,4.1,1,,0.0,0,1.0,100000094,37.50569858,55.86180228999999,100000016,37.50561129,55.86210011
35263,2991037458073112241,40,"LINESTRING (37.50561129 55.86210011, 37.50561923 55.86211389, 37.50564176 55.86216663)",0,512.4,894.3,620.0,765.3,90,"""Метро """"Войковская"""" - Метро """"Речной вокзал""""""",А,7.65,0.9,1,,0.0,0,1.0,100000016,37.50561129,55.86210011,100000017,37.50564176,55.86216663
35263,2939033245221860334,41,"LINESTRING (37.50564176 55.86216663, 37.50564743 55.86219357999999, 37.50564934 55.86222069000001, 37.50564819 55.86223702999999, 37.50564744 55.86224780999999, 37.50564177 55.86227477, 37.50563235 55.86230138999998, 37.50561926 55.86232751, 37.50560257 55.86235297999999, 37.50558237 55.86237762, 37.50555878 55.862401299999995, 37.50553198 55.862423869999986, 37.5055021 55.86244518, 37.50546934 55.86246511, 37.50543392 55.86248354000001, 37.50539602 55.86250034, 37.50535589 55.86251542, 37.50531379000001 55.86252868, 37.5053041 55.8625312)",0,512.4,894.3,620.0,765.3,90,"""Метро """"Войковская"""" - Метро """"Речной вокзал""""""",А,49.0,5.9,1,,0.0,0,1.0,100000017,37.50564176,55.86216663,100000018,37.5053041,55.8625312
35263,2991037509612719793,42,"LINESTRING (37.5053041 55.8625312, 37.50526996 55.86254005000001, 37.50522468 55.86254944, 37.50517823 55.86255681000001, 37.50513091 55.86256209999999)",0,512.4,894.3,620.0,765.3,90,"""Метро """"Войковская"""" - Метро """"Речной вокзал""""""",А,11.42,1.4,1,,0.0,0,1.0,100000018,37.5053041,55.8625312,100000019,37.50513091,55.86256209999999
35263,2349798113541615675,43,"LINESTRING (37.50513091 55.86256209999999, 37.50491509 55.8625896, 37.50480047 55.862604039999994, 37.50471439 55.862620679999985, 37.50462563 55.862644889999984, 37.50455301 55.86266908999999, 37.5044841 55.86269821)",0,512.4,894.3,620.0,765.3,90,"""Метро """"Войковская"""" - Метро """"Речной вокзал""""""",А,43.76,5.3,1,,0.0,0,1.0,100000019,37.50513091,55.86256209999999,100000020,37.5044841,55.86269821
35263,2886288463644687715,44,"LINESTRING (37.5044841 55.86269821, 37.500877045203346 55.86445163435143)",112,512.4,894.3,620.0,765.3,90,"""Метро """"Войковская"""" - Метро """"Речной вокзал""""""",А,849.33,33.96666666666667,3,POINT (37.50413371 55.86302215),0.0004709597546451652,1,0.3333333333333333,100000020,37.5044841,55.86269821,100000022,37.500877045203346,55.86445163435143
35263,2886288463644687715,44,"LINESTRING (37.4970726316227 55.865781912233565, 37.49316701 55.86674768999999)",114,512.4,894.3,620.0,765.3,90,"""Метро """"Войковская"""" - Метро """"Речной вокзал""""""",А,849.33,101.9,3,POINT (37.49690351 55.86590354),0.008260692009554784,3,1.0,100000021,37.4970726316227,55.865781912233565,100000023,37.49316701,55.86674768999999
35263,2886288463644687715,44,"LINESTRING (37.500877045203346 55.86445163435143, 37.4970726316227 55.865781912233565)",113,512.4,894.3,620.0,765.3,90,"""Метро """"Войковская"""" - Метро """"Речной вокзал""""""",А,849.33,67.93333333333334,3,POINT (37.50026617 55.86474198),0.004702644173685002,2,0.6666666666666666,100000022,37.500877045203346,55.86445163435143,100000021,37.4970726316227,55.865781912233565
35263,2928636382444331078,45,"LINESTRING (37.49316701 55.86674768999999, 37.49271906 55.86681465, 37.49268461 55.86681975)",0,512.4,894.3,620.0,765.3,90,"""Метро """"Войковская"""" - Метро """"Речной вокзал""""""",А,31.24,3.7,1,,0.0,0,1.0,100000023,37.49316701,55.86674768999999,100000024,37.49268461,55.86681975
35263,2928636433983938630,46,"LINESTRING (37.49268461 55.86681975, 37.49207788 55.86690964999999, 37.49188802 55.86693618999999)",0,512.4,894.3,620.0,765.3,90,"""Метро """"Войковская"""" - Метро """"Речной вокзал""""""",А,51.52,6.2,1,,0.0,0,1.0,100000024,37.49268461,55.86681975,100000025,37.49188802,55.86693618999999
35263,2349800927743959159,47,"LINESTRING (37.49188802 55.86693618999999, 37.49131824 55.866988320000004, 37.49130479 55.86698930000001)",0,512.4,894.3,620.0,765.3,90,"""Метро """"Войковская"""" - Метро """"Речной вокзал""""""",А,36.98,4.4,1,,0.0,0,1.0,100000025,37.49188802,55.86693618999999,100000095,37.49130479,55.86698930000001
35263,2349801022233239671,48,"LINESTRING (37.49130479 55.86698930000001, 37.49007261 55.86707889, 37.48920391 55.86710389000001, 37.4879921 55.86709552, 37.48634104 55.86703894999998, 37.48540883 55.86701372999998)",115,512.4,894.3,620.0,765.3,90,"""Метро """"Войковская"""" - Метро """"Речной вокзал""""""",А,370.0,44.4,1,POINT (37.49047802 55.86710975),0.0008333279393956215,0,1.0,100000095,37.49130479,55.86698930000001,100000096,37.48540883,55.86701372999998
35263,2349840457469781645,49,"LINESTRING (37.48540883 55.86701372999998, 37.48475673 55.86698686, 37.48446679 55.86697182, 37.48443564 55.866970349999995)",0,512.4,894.3,620.0,765.3,90,"""Метро """"Войковская"""" - Метро """"Речной вокзал""""""",А,61.1,7.3,1,,0.0,0,1.0,100000096,37.48540883,55.86701372999998,100000097,37.48443564,55.866970349999995
35263,2887019376175275317,50,"LINESTRING (37.48443564 55.866970349999995, 37.48426139 55.8669621, 37.48026115 55.86683282999999, 37.47988593 55.86681841, 37.47932998 55.866791080000006, 37.4792644 55.86678567)",116,512.4,894.3,620.0,765.3,90,"""Метро """"Войковская"""" - Метро """"Речной вокзал""""""",А,324.35,38.9,1,POINT (37.48359044 55.86701267),0.0008434117857907227,0,1.0,100000097,37.48443564,55.866970349999995,100000098,37.4792644,55.86678567
35263,2928025792713662534,51,"LINESTRING (37.4792644 55.86678567, 37.47917277 55.86677809999999, 37.47901078 55.866758989999994, 37.47871895 55.86671672)",0,512.4,894.3,620.0,765.3,90,"""Метро """"Войковская"""" - Метро """"Речной вокзал""""""",А,35.02,4.2,1,,0.0,0,1.0,100000098,37.4792644,55.86678567,100000099,37.47871895,55.86671672
35263,2928026007462027334,52,"LINESTRING (37.47871895 55.86671672, 37.47807272 55.866625559999996, 37.4775371 55.866510690000005, 37.47723149 55.8664218, 37.47694473 55.86632537999999, 37.47677841 55.86625648, 37.47666876000001 55.866211220000004, 37.47664318 55.86619976, 37.47664187 55.86619906999999)",0,512.4,894.3,620.0,765.3,90,"""Метро """"Войковская"""" - Метро """"Речной вокзал""""""",А,143.63,17.2,1,,0.0,0,1.0,100000099,37.47871895,55.86671672,100000100,37.47664187,55.86619906999999
35263,2887040627673455925,53,"LINESTRING (37.47664187 55.86619906999999, 37.47661925 55.866187209999985, 37.47659717 55.86617364000001, 37.47657705 55.86615914, 37.47655901 55.86614378999999, 37.47654317000001 55.86612769999999, 37.47652962 55.86611094999999, 37.47651845 55.86609367, 37.47650972 55.86607593999999, 37.4765035 55.86605787999999, 37.47649981 55.86603961, 37.47649868 55.86602122, 37.47650013 55.86600284, 37.47657188 55.86588864999999)",0,512.4,894.3,620.0,765.3,90,"""Метро """"Войковская"""" - Метро """"Речной вокзал""""""",А,37.94,4.6,1,,0.0,0,1.0,100000100,37.47664187,55.86619906999999,100000101,37.47657188,55.86588864999999
35263,2412116003216377373,54,"LINESTRING (37.47657188 55.86588864999999, 37.47933391218217 55.86326628768931)",117,512.4,894.3,620.0,765.3,90,"""Метро """"Войковская"""" - Метро """"Речной вокзал""""""",А,995.09,39.8,3,POINT (37.47707357 55.86531154),0.0007602812770056914,1,0.3333333333333333,100000101,37.47657188,55.86588864999999,100000102,37.47933391218217,55.86326628768931
35263,2412116003216377373,54,"LINESTRING (37.47933391218217 55.86326628768931, 37.48224983204387 55.860819403689185)",118,512.4,894.3,620.0,765.3,90,"""Метро """"Войковская"""" - Метро """"Речной вокзал""""""",А,995.09,79.6,3,POINT (37.47967752 55.86286328),0.004334728355323157,2,0.6666666666666666,100000102,37.47933391218217,55.86326628768931,100000103,37.48224983204387,55.860819403689185
35263,2412116003216377373,54,"LINESTRING (37.48224983204387 55.860819403689185, 37.48516969 55.85837595999998)",119,512.4,894.3,620.0,765.3,90,"""Метро """"Войковская"""" - Метро """"Речной вокзал""""""",А,995.09,119.4,3,POINT (37.48169028 55.86114044),0.006980641137802706,3,1.0,100000103,37.48224983204387,55.860819403689185,100000104,37.48516969,55.85837595999998
35263,2887018448462339381,55,"LINESTRING (37.48516969 55.85837595999998, 37.48517471 55.858368899999995, 37.48518688 55.85834343999999, 37.4851918 55.85831722999998, 37.48518937 55.85829090999999, 37.48517965 55.85826512, 37.48516289 55.858240519999995, 37.48513949 55.85821767999999, 37.48511003 55.85819719, 37.48507573 55.85817976, 37.48500874 55.858149299999994)",0,512.4,894.3,620.0,765.3,90,"""Метро """"Войковская"""" - Метро """"Речной вокзал""""""",А,29.67,3.6,1,,0.0,0,1.0,100000104,37.48516969,55.85837595999998,100000047,37.48500874,55.858149299999994
35263,2288243055420381460,56,"LINESTRING (37.48074524253353 55.85670712518845, 37.47651705 55.855166409999995)",961,512.4,894.3,620.0,765.3,90,"""Метро """"Войковская"""" - Метро """"Речной вокзал""""""",А,627.27,75.3,2,POINT (37.47765987 55.85557424),0.00778859515315881,2,1.0,100000048,37.48074524253353,55.85670712518845,100000049,37.47651705,55.855166409999995
35263,2288243055420381460,56,"LINESTRING (37.48500874 55.858149299999994, 37.48074524253353 55.85670712518845)",120,512.4,894.3,620.0,765.3,90,"""Метро """"Войковская"""" - Метро """"Речной вокзал""""""",А,627.27,37.65,2,POINT (37.48466984 55.8581037),0.00033731137881731673,1,0.5,100000047,37.48500874,55.858149299999994,100000048,37.48074524253353,55.85670712518845
35263,2288211484962730537,57,"LINESTRING (37.47651705 55.855166409999995, 37.4758089 55.85494723999999, 37.47524509 55.85479595)",0,512.4,894.3,620.0,765.3,90,"""Метро """"Войковская"""" - Метро """"Речной вокзал""""""",А,89.71,10.8,1,,0.0,0,1.0,100000049,37.47651705,55.855166409999995,100000050,37.47524509,55.85479595
35263,4173100806175253527,58,"LINESTRING (37.47524509 55.85479595, 37.47519754 55.85477878, 37.4751921 55.85477668999999, 37.47518684 55.854774449999994, 37.4751818 55.854772059999995, 37.47517699 55.85476951, 37.47517243 55.85476684000001, 37.47516813 55.85476402, 37.47516408 55.85476109, 37.47516033 55.854758049999994, 37.47515685 55.854754889999995, 37.47515367 55.85475164000001, 37.4751508 55.85474831, 37.47514825 55.854744890000006, 37.47514601 55.85474139999999, 37.47514412000001 55.85473784, 37.47514255 55.854734240000006, 37.47514131 55.854730599999996, 37.47514042 55.85472692999999, 37.47513986 55.854723230000005, 37.47513966 55.85471953, 37.4751398 55.854715819999996, 37.47514028 55.85471212, 37.47514112 55.854708429999995, 37.47514228 55.85470478999999, 37.47514379 55.854701180000006, 37.47514563 55.85469762000001, 37.4751478 55.85469411999999, 37.47515029 55.854690680000004, 37.47515311 55.85468732999999, 37.47515386 55.8546865, 37.475210610000005 55.854617659999995)",0,512.4,894.3,620.0,765.3,90,"""Метро """"Войковская"""" - Метро """"Речной вокзал""""""",А,23.65,2.8,1,,0.0,0,1.0,100000050,37.47524509,55.85479595,100000000,37.475210610000005,55.854617659999995
35263,4173101737041840175,59,"LINESTRING (37.475210610000005 55.854617659999995, 37.47528756 55.85452752)",973,512.4,894.3,620.0,765.3,90,"""Метро """"Войковская"""" - Метро """"Речной вокзал""""""",А,11.13,1.3,1,POINT (37.47523646 55.85455677),6.30940495238482e-05,0,1.0,100000000,37.475210610000005,55.854617659999995,100000001,37.47528756,55.85452752
2030069,4173101737041840175,1,"LINESTRING (37.475210610000005 55.854617659999995, 37.47528756 55.85452752)",973,727.3,698.9,583.2,606.6,851,"""Метро """"Речной вокзал"""" - Аэропорт Шереметьево - Терминал B""",А,11.13,1.3,1,POINT (37.47523646 55.85455677),6.30940495238482e-05,0,1.0,100000000,37.475210610000005,55.854617659999995,100000001,37.47528756,55.85452752
2030069,4173117851759134767,2,"LINESTRING (37.47528756 55.85452752, 37.47530011 55.85451261, 37.4754185 55.85439743999999, 37.47542431 55.854392090000005, 37.47543064 55.85438693, 37.47543743 55.85438195, 37.47544467 55.85437719000001, 37.47545235 55.854372649999995, 37.47546044 55.85436833, 37.47546892 55.85436426, 37.47547775 55.854360459999995, 37.47548695 55.85435691, 37.47549646 55.85435362999999, 37.47550625 55.85435065, 37.47551631 55.85434795, 37.47552661 55.85434555999999, 37.475537120000006 55.85434347000001, 37.4755478 55.854341690000005, 37.47555865 55.85434023, 37.4755696 55.85433908999999, 37.47558066 55.854338280000015, 37.47559176 55.85433779, 37.4756029 55.85433763, 37.47561405 55.85433779, 37.47562515 55.854338289999994, 37.4756362 55.85433910999999, 37.47564715 55.85434025999999, 37.47565799 55.85434173, 37.47566868 55.85434351, 37.47567918000001 55.854345599999995, 37.47568947 55.85434800999999, 37.47569953 55.85435070999999, 37.475702 55.85435143000001)",0,727.3,698.9,583.2,606.6,851,"""Метро """"Речной вокзал"""" - Аэропорт Шереметьево - Терминал B""",А,37.05,4.4,1,,0.0,0,1.0,100000001,37.47528756,55.85452752,100000002,37.475702,55.85435143000001
2030069,4173101149772637207,3,"LINESTRING (37.475702 55.85435143000001, 37.47648125 55.85458133, 37.47709508 55.85476316, 37.47710091 55.85476498999999, 37.47710654 55.85476700000001, 37.477111990000004 55.85476916, 37.47711721 55.85477149, 37.47712222 55.85477396000002, 37.47712699 55.85477657, 37.47713153 55.854779329999985, 37.47713579 55.85478222, 37.47713978 55.854785220000004, 37.47714347 55.854788340000006, 37.47714688 55.854791559999995, 37.47714998 55.854794889999994, 37.477152770000004 55.85479829, 37.47715525 55.854801779999995, 37.47715738 55.85480531999999, 37.47715919 55.85480893999999, 37.47716065 55.85481259, 37.47716178 55.854816289999995, 37.47716256 55.85482001, 37.47716299 55.854823759999995, 37.47716309 55.854827499999985, 37.47716281 55.85483126, 37.4771622 55.85483498999999, 37.47716124 55.8548387, 37.47715995 55.854842379999994, 37.4771583 55.85484601999998, 37.47715632 55.85484959000001, 37.47715402 55.85485310999999, 37.47715138 55.85485656, 37.47714865 55.854859690000005, 37.47699874 55.85502703)",8416,727.3,698.9,583.2,606.6,851,"""Метро """"Речной вокзал"""" - Аэропорт Шереметьево - Терминал B""",А,131.88,15.8,1,POINT (37.47613643 55.85440911),0.00043299607278678414,0,1.0,100000002,37.475702,55.85435143000001,100000003,37.47699874,55.85502703
2030069,2288213013971087913,4,"LINESTRING (37.47699874 55.85502703, 37.47693979 55.85508562, 37.47692444 55.85509732)",0,727.3,698.9,583.2,606.6,851,"""Метро """"Речной вокзал"""" - Аэропорт Шереметьево - Терминал B""",А,9.11,1.1,1,,0.0,0,1.0,100000003,37.47699874,55.85502703,100000004,37.47692444,55.85509732
2030069,4217922333995276761,5,"LINESTRING (37.47692444 55.85509732, 37.47681733 55.85517891, 37.47680025 55.855187130000004, 37.4767811 55.855193750000005, 37.47676033 55.85519859, 37.47673847000001 55.85520154999999, 37.47671035 55.85520298, 37.47667704 55.85519952999999, 37.47651705 55.855166409999995)",0,727.3,698.9,583.2,606.6,851,"""Метро """"Речной вокзал"""" - Аэропорт Шереметьево - Терминал B""",А,31.48,3.8,1,,0.0,0,1.0,100000004,37.47692444,55.85509732,100000049,37.47651705,55.855166409999995
2030069,2288211484962730537,6,"LINESTRING (37.47651705 55.855166409999995, 37.4758089 55.85494723999999, 37.47524509 55.85479595)",1493,727.3,698.9,583.2,606.6,851,"""Метро """"Речной вокзал"""" - Аэропорт Шереметьево - Терминал B""",А,89.71,10.8,1,POINT (37.47606315 55.85508288),0.00045830407984609917,0,1.0,100000049,37.47651705,55.855166409999995,100000050,37.47524509,55.85479595
2030069,3732276188059002911,7,"LINESTRING (37.47524509 55.85479595, 37.4749014 55.85470373)",0,727.3,698.9,583.2,606.6,851,"""Метро """"Речной вокзал"""" - Аэропорт Шереметьево - Терминал B""",А,23.84,2.9,1,,0.0,0,1.0,100000050,37.47524509,55.85479595,100007570,37.4749014,55.85470373
2030069,2288201789374601492,8,"LINESTRING (37.4749014 55.85470373, 37.47398795 55.85446214000001, 37.47200482 55.85398702999999, 37.4717594 55.85393895, 37.47168701 55.85392606)",0,727.3,698.9,583.2,606.6,851,"""Метро """"Речной вокзал"""" - Аэропорт Шереметьево - Терминал B""",А,219.18,26.3,1,,0.0,0,1.0,100007570,37.4749014,55.85470373,100007571,37.47168701,55.85392606
2030069,2928630498339135558,9,"LINESTRING (37.47168701 55.85392606, 37.47164249 55.8539229, 37.47161438 55.85392255, 37.47158653 55.85392468, 37.47155962 55.85392923, 37.47153429 55.85393608999999, 37.47151119 55.85394511, 37.47149039 55.85395825999999, 37.47137999 55.85405298999999)",0,727.3,698.9,583.2,606.6,851,"""Метро """"Речной вокзал"""" - Аэропорт Шереметьево - Терминал B""",А,26.18,3.1,1,,0.0,0,1.0,100007571,37.47168701,55.85392606,100003912,37.47137999,55.85405298999999
2030069,2288190654371344937,10,"LINESTRING (37.47137999 55.85405298999999, 37.47058681 55.85512727999999, 37.46999453 55.855983099999996)",0,727.3,698.9,583.2,606.6,851,"""Метро """"Речной вокзал"""" - Аэропорт Шереметьево - Терминал B""",А,231.7,27.8,1,,0.0,0,1.0,100003912,37.47137999,55.85405298999999,100003913,37.46999453,55.855983099999996
2030069,2928624768242712859,11,"LINESTRING (37.46999453 55.855983099999996, 37.46972032 55.8563793, 37.46969122 55.85642184)",0,727.3,698.9,583.2,606.6,851,"""Метро """"Речной вокзал"""" - Аэропорт Шереметьево - Терминал B""",А,52.4,6.3,1,,0.0,0,1.0,100003913,37.46999453,55.855983099999996,100003915,37.46969122,55.85642184
2030069,2928624837572239430,12,"LINESTRING (37.46969122 55.85642184, 37.468155988020946 55.85867667451333)",843,727.3,698.9,583.2,606.6,851,"""Метро """"Речной вокзал"""" - Аэропорт Шереметьево - Терминал B""",А,538.7,32.3,2,POINT (37.46954882 55.85685872),0.0004409839511676687,1,0.5,100003915,37.46969122,55.85642184,100003914,37.468155988020946,55.85867667451333
2030069,2928624837572239430,12,"LINESTRING (37.468155988020946 55.85867667451333, 37.46664576 55.86094833000001)",1000804,727.3,698.9,583.2,606.6,851,"""Метро """"Речной вокзал"""" - Аэропорт Шереметьево - Терминал B""",А,538.7,64.6,2,POINT (37.46710271 55.86045627),0.004793236538721513,2,1.0,100003914,37.468155988020946,55.85867667451333,100003916,37.46664576,55.86094833000001
2030069,2288221511864424724,13,"LINESTRING (37.46664576 55.86094833000001, 37.46621446 55.86153103000001)",0,727.3,698.9,583.2,606.6,851,"""Метро """"Речной вокзал"""" - Аэропорт Шереметьево - Терминал B""",А,70.25,8.4,1,,0.0,0,1.0,100003916,37.46664576,55.86094833000001,100003917,37.46621446,55.86153103000001
2030069,2928625078090408006,14,"LINESTRING (37.46621446 55.86153103000001, 37.46578379 55.86211285000001, 37.46552163 55.86252789)",0,727.3,698.9,583.2,606.6,851,"""Метро """"Речной вокзал"""" - Аэропорт Шереметьево - Терминал B""",А,119.17,14.3,1,,0.0,0,1.0,100003917,37.46621446,55.86153103000001,100003918,37.46552163,55.86252789
2030069,2288228054946558505,15,"LINESTRING (37.46552163 55.86252789, 37.46519513 55.863014150000005)",0,727.3,698.9,583.2,606.6,851,"""Метро """"Речной вокзал"""" - Аэропорт Шереметьево - Терминал B""",А,57.85,6.9,1,,0.0,0,1.0,100003918,37.46552163,55.86252789,100003920,37.46519513,55.863014150000005
2030069,2928625430277726278,16,"LINESTRING (37.46519513 55.863014150000005, 37.463252010095516 55.86581730934849)",8406,727.3,698.9,583.2,606.6,851,"""Метро """"Речной вокзал"""" - Аэропорт Шереметьево - Терминал B""",А,670.71,40.25,2,POINT (37.46417245 55.86470719),0.0019753861761639987,1,0.5,100003920,37.46519513,55.863014150000005,100003919,37.463252010095516,55.86581730934849
2030069,2928625430277726278,16,"LINESTRING (37.463252010095516 55.86581730934849, 37.46132802 55.86863376)",1685,727.3,698.9,583.2,606.6,851,"""Метро """"Речной вокзал"""" - Аэропорт Шереметьево - Терминал B""",А,670.71,80.5,2,POINT (37.46207598 55.86773538),0.005658110516750366,2,1.0,100003919,37.463252010095516,55.86581730934849,100003921,37.46132802,55.86863376
2030069,2347507977408781665,17,"LINESTRING (37.46132802 55.86863376, 37.46115505 55.86892567999999, 37.4610629 55.86905166999999, 37.4609448 55.86920815, 37.46043224 55.869802269999994, 37.45992446000001 55.87033668)",0,727.3,698.9,583.2,606.6,851,"""Метро """"Речной вокзал"""" - Аэропорт Шереметьево - Терминал B""",А,209.27,25.1,1,,0.0,0,1.0,100003921,37.46132802,55.86863376,100003922,37.45992446000001,55.87033668
2030069,2344663437470714758,18,"LINESTRING (37.45992446000001 55.87033668, 37.45921046 55.87093468999999, 37.45893095 55.871144869999995, 37.45794449 55.87187073)",0,727.3,698.9,583.2,606.6,851,"""Метро """"Речной вокзал"""" - Аэропорт Шереметьево - Терминал B""",А,211.06,25.3,1,,0.0,0,1.0,100003922,37.45992446000001,55.87033668,100003923,37.45794449,55.87187073
2030069,2991668280689368324,19,"LINESTRING (37.45794449 55.87187073, 37.45783578 55.87195071, 37.45780078 55.87197592)",0,727.3,698.9,583.2,606.6,851,"""Метро """"Речной вокзал"""" - Аэропорт Шереметьево - Терминал B""",А,14.76,1.8,1,,0.0,0,1.0,100003923,37.45794449,55.87187073,100003924,37.45780078,55.87197592
2030069,2991668246329629956,20,"LINESTRING (37.45780078 55.87197592, 37.45386592 55.87480954)",0,727.3,698.9,583.2,606.6,851,"""Метро """"Речной вокзал"""" - Аэропорт Шереметьево - Терминал B""",А,400.14,48.0,1,,0.0,0,1.0,100003924,37.45780078,55.87197592,100003925,37.45386592,55.87480954
2030069,2666769140437773523,21,"LINESTRING (37.45386592 55.87480954, 37.45331569 55.875198, 37.45301028 55.87542187999999)",0,727.3,698.9,583.2,606.6,851,"""Метро """"Речной вокзал"""" - Аэропорт Шереметьево - Терминал B""",А,86.68,10.4,1,,0.0,0,1.0,100003925,37.45386592,55.87480954,100003926,37.45301028,55.87542187999999
2030069,2991668439414916929,22,"LINESTRING (37.45301028 55.87542187999999, 37.45290894 55.87549617999999)",0,727.3,698.9,583.2,606.6,851,"""Метро """"Речной вокзал"""" - Аэропорт Шереметьево - Терминал B""",А,10.42,1.3,1,,0.0,0,1.0,100003926,37.45301028,55.87542187999999,100003927,37.45290894,55.87549617999999
2030069,2991668572747144452,23,"LINESTRING (37.45290894 55.87549617999999, 37.45262843 55.875701809999995, 37.45216319 55.87606801)",0,727.3,698.9,583.2,606.6,851,"""Метро """"Речной вокзал"""" - Аэропорт Шереметьево - Терминал B""",А,78.93,9.5,1,,0.0,0,1.0,100003927,37.45290894,55.87549617999999,100003928,37.45216319,55.87606801
2030069,2927919715611385926,24,"LINESTRING (37.45216319 55.87606801, 37.45116726 55.87687029999999)",0,727.3,698.9,583.2,606.6,851,"""Метро """"Речной вокзал"""" - Аэропорт Шереметьево - Терминал B""",А,108.9,13.1,1,,0.0,0,1.0,100003928,37.45216319,55.87606801,100003929,37.45116726,55.87687029999999
2030069,2927919973309423686,25,"LINESTRING (37.45116726 55.87687029999999, 37.45086581 55.87712114, 37.4507032 55.8772542)",0,727.3,698.9,583.2,606.6,851,"""Метро """"Речной вокзал"""" - Аэропорт Шереметьево - Терминал B""",А,51.66,6.2,1,,0.0,0,1.0,100003929,37.45116726,55.87687029999999,100003930,37.4507032,55.8772542
2030069,3437569883133426374,26,"LINESTRING (37.4507032 55.8772542, 37.44960678 55.878151329999994, 37.44858667 55.87900917999999)",1553,727.3,698.9,583.2,606.6,851,"""Метро """"Речной вокзал"""" - Аэропорт Шереметьево - Терминал B""",А,236.01,28.3,1,POINT (37.44900266 55.87874428),0.002260673135078708,0,1.0,100003930,37.4507032,55.8772542,100003931,37.44858667,55.87900917999999
2030069,4927179107929644159,27,"LINESTRING (37.44858667 55.87900917999999, 37.44847494 55.879103130000004, 37.44845395 55.879120519999994, 37.44841578 55.87915254)",0,727.3,698.9,583.2,606.6,851,"""Метро """"Речной вокзал"""" - Аэропорт Шереметьево - Терминал B""",А,19.21,2.3,1,,0.0,0,1.0,100003931,37.44858667,55.87900917999999,100003932,37.44841578,55.87915254
2030069,2927899416985895195,28,"LINESTRING (37.44841578 55.87915254, 37.44815115 55.87937445)",0,727.3,698.9,583.2,606.6,851,"""Метро """"Речной вокзал"""" - Аэропорт Шереметьево - Терминал B""",А,29.74,3.6,1,,0.0,0,1.0,100003932,37.44841578,55.87915254,100003933,37.44815115,55.87937445
2030069,2927899512085225542,29,"LINESTRING (37.44815115 55.87937445, 37.44771498 55.879733759999986)",0,727.3,698.9,583.2,606.6,851,"""Метро """"Речной вокзал"""" - Аэропорт Шереметьево - Терминал B""",А,48.42,5.8,1,,0.0,0,1.0,100003933,37.44815115,55.87937445,100003934,37.44771498,55.879733759999986
2030069,2927899348876468294,30,"LINESTRING (37.44771498 55.879733759999986, 37.44737294 55.88001386)",0,727.3,698.9,583.2,606.6,851,"""Метро """"Речной вокзал"""" - Аэропорт Шереметьево - Терминал B""",А,37.82,4.5,1,,0.0,0,1.0,100003934,37.44771498,55.879733759999986,100003935,37.44737294,55.88001386
2030069,2927899623144325403,31,"LINESTRING (37.44737294 55.88001386, 37.44634176000001 55.880858270000004, 37.44605529 55.88108225)",0,727.3,698.9,583.2,606.6,851,"""Метро """"Речной вокзал"""" - Аэропорт Шереметьево - Терминал B""",А,144.71,17.4,1,,0.0,0,1.0,100003935,37.44737294,55.88001386,100003936,37.44605529,55.88108225
2030069,2950332568711702484,32,"LINESTRING (37.44605529 55.88108225, 37.44575773 55.88131856999999)",0,727.3,698.9,583.2,606.6,851,"""Метро """"Речной вокзал"""" - Аэропорт Шереметьево - Терминал B""",А,32.23,3.9,1,,0.0,0,1.0,100003936,37.44605529,55.88108225,100003937,37.44575773,55.88131856999999
2030069,2991816581964620875,33,"LINESTRING (37.44575773 55.88131856999999, 37.44482574 55.882060479999986)",0,727.3,698.9,583.2,606.6,851,"""Метро """"Речной вокзал"""" - Аэропорт Шереметьево - Терминал B""",А,101.09,12.1,1,,0.0,0,1.0,100003937,37.44575773,55.88131856999999,100003938,37.44482574,55.882060479999986
2030069,2843430589685167101,34,"LINESTRING (37.44482574 55.882060479999986, 37.44448814 55.88232270999999)",0,727.3,698.9,583.2,606.6,851,"""Метро """"Речной вокзал"""" - Аэропорт Шереметьево - Терминал B""",А,36.03,4.3,1,,0.0,0,1.0,100003938,37.44482574,55.882060479999986,100023128,37.44448814,55.88232270999999
2030069,2991816871528861996,35,"LINESTRING (37.44448814 55.88232270999999, 37.44284584 55.88359833)",0,727.3,698.9,583.2,606.6,851,"""Метро """"Речной вокзал"""" - Аэропорт Шереметьево - Терминал B""",А,175.26,21.0,1,,0.0,0,1.0,100023128,37.44448814,55.88232270999999,100023129,37.44284584,55.88359833
2030069,2510836153853392022,36,"LINESTRING (37.44284584 55.88359833, 37.44248496 55.883876779999994)",0,727.3,698.9,583.2,606.6,851,"""Метро """"Речной вокзал"""" - Аэропорт Шереметьево - Терминал B""",А,38.35,4.6,1,,0.0,0,1.0,100023129,37.44284584,55.88359833,100023130,37.44248496,55.883876779999994
2030069,2927901230072143942,37,"LINESTRING (37.44248496 55.883876779999994, 37.4412945 55.88479531999999)",0,727.3,698.9,583.2,606.6,851,"""Метро """"Речной вокзал"""" - Аэропорт Шереметьево - Терминал B""",А,126.49,15.2,1,,0.0,0,1.0,100023130,37.44248496,55.883876779999994,100023131,37.4412945,55.88479531999999
2030069,2927906495702048838,38,"LINESTRING (37.4412945 55.88479531999999, 37.44101912 55.88501368999998)",0,727.3,698.9,583.2,606.6,851,"""Метро """"Речной вокзал"""" - Аэропорт Шереметьево - Терминал B""",А,29.79,3.6,1,,0.0,0,1.0,100023131,37.4412945,55.88479531999999,100023132,37.44101912,55.88501368999998
2030069,2927906573011460166,39,"LINESTRING (37.44101912 55.88501368999998, 37.43987888 55.88593611999999, 37.43846823 55.88707721, 37.43741324 55.88793057999999, 37.43673781 55.88848496999999)",10162,727.3,698.9,583.2,606.6,851,"""Метро """"Речной вокзал"""" - Аэропорт Шереметьево - Терминал B""",А,470.13,56.4,1,POINT (37.44005684 55.88592718),0.0013226589844299442,0,1.0,100023132,37.44101912,55.88501368999998,100023133,37.43673781,55.88848496999999
2030069,2927906993918255174,40,"LINESTRING (37.43673781 55.88848496999999, 37.43673736 55.88848534, 37.43614436 55.88895908999999)",0,727.3,698.9,583.2,606.6,851,"""Метро """"Речной вокзал"""" - Аэропорт Шереметьево - Терминал B""",А,64.52,7.7,1,,0.0,0,1.0,100023133,37.43673781,55.88848496999999,100022998,37.43614436,55.88895908999999
2030069,2927908308178247750,41,"LINESTRING (37.43614436 55.88895908999999, 37.43471891 55.890097799999985, 37.43468805 55.89012137, 37.4342843 55.89042965, 37.43363198 55.89092774000001, 37.43300413 55.89141526999999, 37.43289481 55.89150172)",10164,727.3,698.9,583.2,606.6,851,"""Метро """"Речной вокзал"""" - Аэропорт Шереметьево - Терминал B""",А,348.46,41.8,1,POINT (37.43570873 55.88941084),0.0006223187762998017,0,1.0,100022998,37.43614436,55.88895908999999,100022999,37.43289481,55.89150172
2030069,4221763185049791727,42,"LINESTRING (37.43289481 55.89150172, 37.43279512 55.89158056000001)",0,727.3,698.9,583.2,606.6,851,"""Метро """"Речной вокзал"""" - Аэропорт Шереметьево - Терминал B""",А,10.77,1.3,1,,0.0,0,1.0,100022999,37.43289481,55.89150172,100023000,37.43279512,55.89158056000001
2030069,2927907577423757594,43,"LINESTRING (37.43279512 55.89158056000001, 37.43210679 55.892124889999984)",0,727.3,698.9,583.2,606.6,851,"""Метро """"Речной вокзал"""" - Аэропорт Шереметьево - Терминал B""",А,74.33,8.9,1,,0.0,0,1.0,100023000,37.43279512,55.89158056000001,100023001,37.43210679,55.892124889999984
2030069,2927908599625974043,44,"LINESTRING (37.43210679 55.892124889999984, 37.43187954 55.89230966)",0,727.3,698.9,583.2,606.6,851,"""Метро """"Речной вокзал"""" - Аэропорт Шереметьево - Терминал B""",А,25.0,3.0,1,,0.0,0,1.0,100023001,37.43210679,55.892124889999984,100023002,37.43187954,55.89230966
2030069,4221761930919341295,45,"LINESTRING (37.43187954 55.89230966, 37.426809628840864 55.89643693912408)",10166,727.3,698.9,583.2,606.6,851,"""Метро """"Речной вокзал"""" - Аэропорт Шереметьево - Терминал B""",А,1113.06,66.8,2,POINT (37.42951919 55.89433134),0.003106783614449322,1,0.5,100023002,37.43187954,55.89230966,100023134,37.426809628840864,55.89643693912408
2030069,4221761930919341295,45,"LINESTRING (37.426809628840864 55.89643693912408, 37.42169667 55.90051061999999)",10168,727.3,698.9,583.2,606.6,851,"""Метро """"Речной вокзал"""" - Аэропорт Шереметьево - Терминал B""",А,1113.06,133.6,2,POINT (37.42273232 55.89981562),0.011831530090396824,2,1.0,100023134,37.426809628840864,55.89643693912408,100023003,37.42169667,55.90051061999999
2030069,2927910490021634118,46,"LINESTRING (37.42169667 55.90051061999999, 37.42041975 55.901488259999994)",0,727.3,698.9,583.2,606.6,851,"""Метро """"Речной вокзал"""" - Аэропорт Шереметьево - Терминал B""",А,134.97,16.2,1,,0.0,0,1.0,100023003,37.42169667,55.90051061999999,100023004,37.42041975,55.901488259999994
2030069,2927910575310930203,47,"LINESTRING (37.42041975 55.901488259999994, 37.42034896 55.90154335999999, 37.4187034 55.90281198, 37.41801947 55.90331923, 37.41792847 55.90337584999999, 37.4166979 55.90419762, 37.41455148 55.90557823999998, 37.41161365 55.90747012, 37.41044776 55.90823927999998, 37.40863482 55.90951831)",10170,727.3,698.9,583.2,606.6,851,"""Метро """"Речной вокзал"""" - Аэропорт Шереметьево - Терминал B""",А,1159.04,139.1,1,POINT (37.41220893 55.90721989),0.01001635412068572,0,1.0,100023004,37.42041975,55.901488259999994,100023005,37.40863482,55.90951831
2030069,5301163839301823805,48,"LINESTRING (37.40863482 55.90951831, 37.40807171 55.90991557)",0,727.3,698.9,583.2,606.6,851,"""Метро """"Речной вокзал"""" - Аэропорт Шереметьево - Терминал B""",А,56.52,6.8,1,,0.0,0,1.0,100023005,37.40863482,55.90951831,100023006,37.40807171,55.90991557
2030069,2927912165058879558,49,"LINESTRING (37.40807171 55.90991557, 37.40788363 55.91004826, 37.40700141 55.91068939, 37.40578576 55.91152994999999, 37.40533012 55.91185741999999)",10172,727.3,698.9,583.2,606.6,851,"""Метро """"Речной вокзал"""" - Аэропорт Шереметьево - Терминал B""",А,275.87,33.1,1,POINT (37.40657412 55.91115404),0.0019364703617192288,0,1.0,100023006,37.40807171,55.90991557,100023007,37.40533012,55.91185741999999
2030069,2927912319677702214,50,"LINESTRING (37.40533012 55.91185741999999, 37.40469394 55.91231858999999)",0,727.3,698.9,583.2,606.6,851,"""Метро """"Речной вокзал"""" - Аэропорт Шереметьево - Терминал B""",А,64.94,7.8,1,,0.0,0,1.0,100023007,37.40533012,55.91185741999999,100023008,37.40469394,55.91231858999999
2030069,5301173007297648286,51,"LINESTRING (37.40469394 55.91231858999999, 37.40449767 55.912460859999996)",0,727.3,698.9,583.2,606.6,851,"""Метро """"Речной вокзал"""" - Аэропорт Шереметьево - Терминал B""",А,20.03,2.4,1,,0.0,0,1.0,100023008,37.40469394,55.91231858999999,100023009,37.40449767,55.912460859999996
2030069,5480108006102512760,52,"LINESTRING (37.40449767 55.912460859999996, 37.40403621 55.912805449999986, 37.40324709 55.913378, 37.40312801 55.913450250000004, 37.40303476 55.91350989, 37.4029472 55.913572169999995, 37.40286556 55.91363696, 37.40279007 55.91370405000001, 37.40272094 55.91377326999999, 37.40268617 55.91381160999999, 37.40193101 55.91465687000001, 37.40159305 55.91507674, 37.40122531 55.915516079999996, 37.40074831 55.91605547, 37.4002764 55.916536449999995, 37.39978477 55.916972890000004, 37.39901519 55.91759552, 37.39815151 55.91818746999999, 37.39750631 55.91859873, 37.39745711 55.91863505)",0,727.3,698.9,583.2,606.6,851,"""Метро """"Речной вокзал"""" - Аэропорт Шереметьево - Терминал B""",А,820.38,98.4,1,,0.0,0,1.0,100023009,37.40449767,55.912460859999996,100023010,37.39745711,55.91863505
2030069,5480110574492955768,53,"LINESTRING (37.39745711 55.91863505, 37.39731771 55.91871822000001, 37.39678681 55.91899324, 37.39596324 55.919393199999995, 37.39475761 55.91997371000001, 37.39378518 55.920431969999996, 37.39327217000001 55.92070448)",0,727.3,698.9,583.2,606.6,851,"""Метро """"Речной вокзал"""" - Аэропорт Шереметьево - Терминал B""",А,348.67,41.8,1,,0.0,0,1.0,100023010,37.39745711,55.91863505,100029109,37.39327217000001,55.92070448
2030069,5480110739220293873,54,"LINESTRING (37.39327217000001 55.92070448, 37.39323589 55.920722189999985, 37.3924046 55.92115088)",0,727.3,698.9,583.2,606.6,851,"""Метро """"Речной вокзал"""" - Аэропорт Шереметьево - Терминал B""",А,73.55,8.8,1,,0.0,0,1.0,100029109,37.39327217000001,55.92070448,100029110,37.3924046,55.92115088
2030069,5480110754881582200,55,"LINESTRING (37.3924046 55.92115088, 37.39207568 55.921325720000006, 37.39163773 55.92156115, 37.39151615 55.92162642, 37.39130423 55.92175869999998)",0,727.3,698.9,583.2,606.6,851,"""Метро """"Речной вокзал"""" - Аэропорт Шереметьево - Терминал B""",А,96.52,11.6,1,,0.0,0,1.0,100029110,37.3924046,55.92115088,100029111,37.39130423,55.92175869999998
2030069,5480110988328397041,56,"LINESTRING (37.39130423 55.92175869999998, 37.39046066 55.922367310000006)",0,727.3,698.9,583.2,606.6,851,"""Метро """"Речной вокзал"""" - Аэропорт Шереметьево - Терминал B""",А,85.84,10.3,1,,0.0,0,1.0,100029111,37.39130423,55.92175869999998,100023022,37.39046066,55.922367310000006
2030069,3613644266666723629,57,"LINESTRING (37.39046066 55.922367310000006, 37.39036647 55.922435269999994, 37.39033674 55.92245619)",0,727.3,698.9,583.2,606.6,851,"""Метро """"Речной вокзал"""" - Аэропорт Шереметьево - Терминал B""",А,12.56,1.5,1,,0.0,0,1.0,100023022,37.39046066,55.922367310000006,100023023,37.39033674,55.92245619
2030069,2927288398368546886,58,"LINESTRING (37.39033674 55.92245619, 37.38801556 55.92408870999999, 37.38667112 55.92504479, 37.38620072 55.92537163, 37.38600044 55.92551502)",0,727.3,698.9,583.2,606.6,851,"""Метро """"Речной вокзал"""" - Аэропорт Шереметьево - Терминал B""",А,435.17,52.2,1,,0.0,0,1.0,100023023,37.39033674,55.92245619,100023024,37.38600044,55.92551502
2030069,2927279370347290694,59,"LINESTRING (37.38600044 55.92551502, 37.38577122 55.9256791, 37.3856823 55.92574169999999)",0,727.3,698.9,583.2,606.6,851,"""Метро """"Речной вокзал"""" - Аэропорт Шереметьево - Терминал B""",А,32.12,3.9,1,,0.0,0,1.0,100023024,37.38600044,55.92551502,100023025,37.3856823,55.92574169999999
2030069,2927279421276848411,60,"LINESTRING (37.3856823 55.92574169999999, 37.38429068 55.92672123999999, 37.38257561 55.92799148)",10174,727.3,698.9,583.2,606.6,851,"""Метро """"Речной вокзал"""" - Аэропорт Шереметьево - Терминал B""",А,316.89,38.0,1,POINT (37.38535436 55.92610289),0.00047606680550677226,0,1.0,100023025,37.3856823,55.92574169999999,100023026,37.38257561,55.92799148
2030069,2927278760461934662,61,"LINESTRING (37.38257561 55.92799148, 37.38250782 55.92804242, 37.38222672 55.92824393)",0,727.3,698.9,583.2,606.6,851,"""Метро """"Речной вокзал"""" - Аэропорт Шереметьево - Терминал B""",А,35.57,4.3,1,,0.0,0,1.0,100023026,37.38257561,55.92799148,100023027,37.38222672,55.92824393
2030069,2927278829181411398,62,"LINESTRING (37.38222672 55.92824393, 37.380867890000005 55.92921795, 37.37882865 55.93066944999999, 37.37778825 55.931434720000006)",0,727.3,698.9,583.2,606.6,851,"""Метро """"Речной вокзал"""" - Аэропорт Шереметьево - Терминал B""",А,450.64,54.1,1,,0.0,0,1.0,100023027,37.38222672,55.92824393,100023028,37.37778825,55.931434720000006
2030069,2927278116216840262,63,"LINESTRING (37.37778825 55.931434720000006, 37.37771149 55.931491179999995, 37.37744811 55.93167600000002)",0,727.3,698.9,583.2,606.6,851,"""Метро """"Речной вокзал"""" - Аэропорт Шереметьево - Терминал B""",А,34.25,4.1,1,,0.0,0,1.0,100023028,37.37778825,55.931434720000006,100022962,37.37744811,55.93167600000002
2030069,2927278175736332571,64,"LINESTRING (37.37514834405929 55.93332457517173, 37.372835210000005 55.93495429)",10177,727.3,698.9,583.2,606.6,851,"""Метро """"Речной вокзал"""" - Аэропорт Шереметьево - Терминал B""",А,465.02,55.8,2,POINT (37.37337703 55.9346687),0.005051385893456512,2,1.0,100022961,37.37514834405929,55.93332457517173,100022963,37.372835210000005,55.93495429
2030069,2927278175736332571,64,"LINESTRING (37.37744811 55.93167600000002, 37.37514834405929 55.93332457517173)",10176,727.3,698.9,583.2,606.6,851,"""Метро """"Речной вокзал"""" - Аэропорт Шереметьево - Терминал B""",А,465.02,27.9,2,POINT (37.37718519 55.93194414),0.00036997828204493534,1,0.5,100022962,37.37744811,55.93167600000002,100022961,37.37514834405929,55.93332457517173
2030069,2927277780599341339,65,"LINESTRING (37.372835210000005 55.93495429, 37.3726948 55.935052, 37.37258898 55.9351283)",0,727.3,698.9,583.2,606.6,851,"""Метро """"Речной вокзал"""" - Аэропорт Шереметьево - Терминал B""",А,24.74,3.0,1,,0.0,0,1.0,100022963,37.372835210000005,55.93495429,100022964,37.37258898,55.9351283
2030069,2927277892268491035,66,"LINESTRING (37.37258898 55.9351283, 37.37239197 55.93527036999999, 37.37096259 55.93629636, 37.369435720000006 55.937368170000006, 37.36825516 55.938188939999996, 37.36779314 55.93850895, 37.36778963 55.93851140000001)",0,727.3,698.9,583.2,606.6,851,"""Метро """"Речной вокзал"""" - Аэропорт Шереметьево - Терминал B""",А,481.38,57.8,1,,0.0,0,1.0,100022964,37.37258898,55.9351283,100022965,37.36778963,55.93851140000001
2030069,5166851028301066085,67,"LINESTRING (37.36778963 55.93851140000001, 37.367624 55.93862671)",0,727.3,698.9,583.2,606.6,851,"""Метро """"Речной вокзал"""" - Аэропорт Шереметьево - Терминал B""",А,16.49,2.0,1,,0.0,0,1.0,100022965,37.36778963,55.93851140000001,100022966,37.367624,55.93862671
2030069,2927280676017348678,68,"LINESTRING (37.367624 55.93862671, 37.3672448 55.93889067999999, 37.36718585 55.93893155)",0,727.3,698.9,583.2,606.6,851,"""Метро """"Речной вокзал"""" - Аэропорт Шереметьево - Терминал B""",А,43.6,5.2,1,,0.0,0,1.0,100022966,37.367624,55.93862671,100022928,37.36718585,55.93893155
2030069,2927280761306644763,69,"LINESTRING (37.36718585 55.93893155, 37.36712278 55.93897562999999, 37.36697322 55.93908424000001, 37.36682237 55.939193800000005, 37.36624788 55.939602439999994, 37.36575681 55.939935240000004, 37.36556047 55.94006885000001)",0,727.3,698.9,583.2,606.6,851,"""Метро """"Речной вокзал"""" - Аэропорт Шереметьево - Терминал B""",А,162.3,19.5,1,,0.0,0,1.0,100022928,37.36718585,55.93893155,100023725,37.36556047,55.94006885000001
2030069,2927281165643620422,70,"LINESTRING (37.36556047 55.94006885000001, 37.36504848 55.940417260000004, 37.36437354 55.940890259999996, 37.36420251 55.94101245999999)",0,727.3,698.9,583.2,606.6,851,"""Метро """"Речной вокзал"""" - Аэропорт Шереметьево - Терминал B""",А,135.02,16.2,1,,0.0,0,1.0,100023725,37.36556047,55.94006885000001,100023726,37.36420251,55.94101245999999
2030069,2927281303082573894,71,"LINESTRING (37.36420251 55.94101245999999, 37.36370945 55.94136477000001)",0,727.3,698.9,583.2,606.6,851,"""Метро """"Речной вокзал"""" - Аэропорт Шереметьево - Терминал B""",А,49.87,6.0,1,,0.0,0,1.0,100023726,37.36420251,55.94101245999999,100023727,37.36370945,55.94136477000001
2030069,2927281431931592774,72,"LINESTRING (37.36370945 55.94136477000001, 37.36090851 55.94336601)",10178,727.3,698.9,583.2,606.6,851,"""Метро """"Речной вокзал"""" - Аэропорт Шереметьево - Терминал B""",А,283.26,34.0,1,POINT (37.36275843 55.94219884),0.0012586870613751295,0,1.0,100023727,37.36370945,55.94136477000001,100023728,37.36090851,55.94336601
2030069,2927281646679957574,73,"LINESTRING (37.36090851 55.94336601, 37.360908 55.94336637, 37.36043266 55.94370202999999)",0,727.3,698.9,583.2,606.6,851,"""Метро """"Речной вокзал"""" - Аэропорт Шереметьево - Терминал B""",А,47.78,5.7,1,,0.0,0,1.0,100023728,37.36090851,55.94336601,100023729,37.36043266,55.94370202999999
2030069,2927281706809499718,74,"LINESTRING (37.36043266 55.94370202999999, 37.35882281 55.94483880000001, 37.35731037 55.945926439999994, 37.35577224 55.94700902, 37.35408428 55.94821983, 37.35386832 55.94837629)",0,727.3,698.9,583.2,606.6,851,"""Метро """"Речной вокзал"""" - Аэропорт Шереметьево - Терминал B""",А,662.45,79.5,1,,0.0,0,1.0,100023729,37.36043266,55.94370202999999,100023730,37.35386832,55.94837629
2030069,2927283021069492294,75,"LINESTRING (37.35386832 55.94837629, 37.35349443 55.94864717)",0,727.3,698.9,583.2,606.6,851,"""Метро """"Речной вокзал"""" - Аэропорт Шереметьево - Терминал B""",А,38.14,4.6,1,,0.0,0,1.0,100023730,37.35386832,55.94837629,100023731,37.35349443,55.94864717
2030069,2927283071999050011,76,"LINESTRING (37.35349443 55.94864717, 37.35312759 55.94891293999999)",0,727.3,698.9,583.2,606.6,851,"""Метро """"Речной вокзал"""" - Аэропорт Шереметьево - Терминал B""",А,37.42,4.5,1,,0.0,0,1.0,100023731,37.35349443,55.94864717,100023732,37.35312759,55.94891293999999
2030069,2927283536465567814,77,"LINESTRING (37.35312759 55.94891293999999, 37.35286619 55.94910231)",0,727.3,698.9,583.2,606.6,851,"""Метро """"Речной вокзал"""" - Аэропорт Шереметьево - Терминал B""",А,26.66,3.2,1,,0.0,0,1.0,100023732,37.35312759,55.94891293999999,100023733,37.35286619,55.94910231
2030069,2927283588005175366,78,"LINESTRING (37.35286619 55.94910231, 37.35259339 55.94929994000002, 37.35072235 55.95052095, 37.34910131 55.95162061999999, 37.34715287 55.95292608999999, 37.3467488 55.953191229999995)",10179,727.3,698.9,583.2,606.6,851,"""Метро """"Речной вокзал"""" - Аэропорт Шереметьево - Терминал B""",А,594.28,71.3,1,POINT (37.3523798 55.94954496),0.0006496413659833713,0,1.0,100023733,37.35286619,55.94910231,100023734,37.3467488,55.953191229999995
2030069,2512460786641957743,79,"LINESTRING (37.3467488 55.953191229999995, 37.34657372 55.95334771, 37.34646651 55.95345242, 37.34637429 55.95356153, 37.34629762 55.953674359999994, 37.3462401 55.95378328999999, 37.34618819 55.95392021999999, 37.34617476 55.95404985, 37.34617944 55.954178569999996, 37.34620211 55.95430668, 37.34624261 55.95443339999999, 37.34628582 55.95455893999999, 37.34633538 55.95468782, 37.34638021 55.95476809, 37.34640652 55.95480843000001)",0,727.3,698.9,583.2,606.6,851,"""Метро """"Речной вокзал"""" - Аэропорт Шереметьево - Терминал B""",А,189.62,22.8,1,,0.0,0,1.0,100023734,37.3467488,55.953191229999995,100023735,37.34640652,55.95480843000001
2030069,2996894446987223831,80,"LINESTRING (37.34640652 55.95480843000001, 37.34643255 55.95484835999999, 37.34652999 55.95494556999999, 37.34667634 55.95505818000001, 37.34682016 55.955164479999986, 37.34697957 55.955281129999996, 37.34715873 55.95539528999999, 37.34728318 55.95546495000001, 37.34945394 55.95668569000001, 37.35187013 55.95802840999999, 37.35329542000001 55.95882339, 37.35571178 55.96015535999999, 37.35825582 55.96156973, 37.35831802 55.96160391999999)",10180,727.3,698.9,583.2,606.6,851,"""Метро """"Речной вокзал"""" - Аэропорт Шереметьево - Терминал B""",А,1062.22,127.5,1,POINT (37.35674967 55.96065552),0.011897390564044649,0,1.0,100023735,37.34640652,55.95480843000001,100023736,37.35831802,55.96160391999999
2030069,3951360784001513711,81,"LINESTRING (37.35831802 55.96160391999999, 37.35864748 55.96178499999999, 37.36067253 55.96291488, 37.36283685 55.96410962)",0,727.3,698.9,583.2,606.6,851,"""Метро """"Речной вокзал"""" - Аэропорт Шереметьево - Терминал B""",А,396.73,47.6,1,,0.0,0,1.0,100023736,37.35831802,55.96160391999999,100005668,37.36283685,55.96410962
2030069,4219411350040056687,82,"LINESTRING (37.36283685 55.96410962, 37.36401475 55.964759789999995, 37.36615809 55.96595333999999, 37.36799475 55.96696347999999, 37.36957166 55.96783531999999, 37.37260272 55.96952561999999, 37.37442061 55.97054618999999, 37.3747071 55.97070781000001)",0,727.3,698.9,583.2,606.6,851,"""Метро """"Речной вокзал"""" - Аэропорт Шереметьево - Терминал B""",А,1043.35,125.2,1,,0.0,0,1.0,100005668,37.36283685,55.96410962,100005669,37.3747071,55.97070781000001
2030069,4219410336427774831,83,"LINESTRING (37.3747071 55.97070781000001, 37.37649847 55.9717183, 37.37877498 55.97298349, 37.37894129 55.97307536000001)",0,727.3,698.9,583.2,606.6,851,"""Метро """"Речной вокзал"""" - Аэропорт Шереметьево - Терминал B""",А,373.24,44.8,1,,0.0,0,1.0,100005669,37.3747071,55.97070781000001,100005670,37.37894129,55.97307536000001
2030069,2991672077440457988,84,"LINESTRING (37.37894129 55.97307536000001, 37.37966003 55.97347243000001)",0,727.3,698.9,583.2,606.6,851,"""Метро """"Речной вокзал"""" - Аэропорт Шереметьево - Терминал B""",А,62.98,7.6,1,,0.0,0,1.0,100005670,37.37894129,55.97307536000001,100005671,37.37966003,55.97347243000001
2030069,2991672034490785028,85,"LINESTRING (37.37966003 55.97347243000001, 37.38187775 55.97469751999999, 37.38404587 55.97593596000001, 37.38485197 55.976372760000004)",0,727.3,698.9,583.2,606.6,851,"""Метро """"Речной вокзал"""" - Аэропорт Шереметьево - Терминал B""",А,457.45,54.9,1,,0.0,0,1.0,100005671,37.37966003,55.97347243000001,100005672,37.38485197,55.976372760000004
2030069,4219409812441764719,86,"LINESTRING (37.39319052758544 55.979021949160504, 37.40190025 55.98032886)",10182,727.3,698.9,583.2,606.6,851,"""Метро """"Речной вокзал"""" - Аэропорт Шереметьево - Терминал B""",А,1169.62,140.4,2,POINT (37.39818218 55.9796991),0.013844203173050061,2,1.0,100029112,37.39319052758544,55.979021949160504,100005673,37.40190025,55.98032886
2030069,4219409812441764719,86,"LINESTRING (37.38485197 55.976372760000004, 37.39319052758544 55.979021949160504)",10181,727.3,698.9,583.2,606.6,851,"""Метро """"Речной вокзал"""" - Аэропорт Шереметьево - Терминал B""",А,1169.62,70.2,2,POINT (37.38770723 55.97766189),0.003136343842681167,1,0.5,100005672,37.38485197,55.976372760000004,100029112,37.39319052758544,55.979021949160504
2030069,4786251891090591569,87,"LINESTRING (37.40190025 55.98032886, 37.40421001 55.98066769, 37.40476799 55.98075299, 37.40548635 55.980857639999996)",0,727.3,698.9,583.2,606.6,851,"""Метро """"Речной вокзал"""" - Аэропорт Шереметьево - Терминал B""",А,231.41,27.8,1,,0.0,0,1.0,100005673,37.40190025,55.98032886,100005674,37.40548635,55.980857639999996
2030069,2928736395052785734,88,"LINESTRING (37.40548635 55.980857639999996, 37.40585722 55.98091165999999)",0,727.3,698.9,583.2,606.6,851,"""Метро """"Речной вокзал"""" - Аэропорт Шереметьево - Терминал B""",А,23.91,2.9,1,,0.0,0,1.0,100005674,37.40548635,55.980857639999996,100005675,37.40585722,55.98091165999999
2030069,4340157940474709034,89,"LINESTRING (37.40585722 55.98091165999999, 37.40595198 55.98092172999999, 37.40596613 55.98092302999999, 37.40598041 55.98092389999999, 37.40599475 55.980924349999995, 37.4060091 55.980924380000005, 37.40602344 55.980924, 37.40603774 55.98092318999999, 37.40605192 55.98092196, 37.40606597 55.980920319999996, 37.40607985 55.98091827, 37.40609352 55.98091581999999, 37.40609962 55.98091458, 37.40614275 55.98090506999999, 37.40618495 55.98089432999999, 37.40622607 55.980882349999995, 37.40625731000001 55.980872189999985, 37.40628014 55.98086521, 37.40630361 55.98085891, 37.40632762 55.98085329999999, 37.40635213 55.98084839999999, 37.40637705 55.98084423, 37.40640235 55.9808408, 37.40642792 55.980838119999994, 37.40645371 55.98083618, 37.40646785 55.980835449999994, 37.40654786000001 55.98083248, 37.406628010000006 55.980831859999995, 37.40670813 55.980833589999996, 37.40678799 55.980837660000006, 37.40686735 55.98084407999999, 37.40694599 55.980852819999996, 37.40701637 55.98086271, 37.40741917 55.98092788000001, 37.40790574 55.98099981999999, 37.40838033 55.981075109999985, 37.4098361 55.98128084999998, 37.41157956 55.98153898)",1008874,727.3,698.9,583.2,606.6,851,"""Метро """"Речной вокзал"""" - Аэропорт Шереметьево - Терминал B""",А,369.3,44.3,1,POINT (37.40879136 55.98104177),0.0029543206486317467,0,1.0,100005675,37.40585722,55.98091165999999,100005643,37.41157956,55.98153898
2030069,4340158438690915370,90,"LINESTRING (37.41157956 55.98153898, 37.41160223 55.98154162, 37.41160883 55.98154252, 37.41509985 55.982057620000006, 37.41538208 55.98210222000001, 37.41553117 55.982130670000004, 37.41556427 55.98213752999999, 37.41559666 55.982145360000004, 37.41562829 55.98215411999999, 37.41565906 55.982163799999995, 37.41568887 55.982174359999995, 37.41571767 55.9821858, 37.41574536 55.98219805, 37.41577187 55.9822111, 37.41579712 55.982224919999986, 37.41582104 55.98223945, 37.41584357 55.98225467, 37.41586467 55.98227053000001, 37.41588424 55.98228697999999, 37.41590225 55.982303989999984, 37.41591865 55.98232149999999, 37.41593233 55.98233809, 37.41598038 55.98240116)",10183,727.3,698.9,583.2,606.6,851,"""Метро """"Речной вокзал"""" - Аэропорт Шереметьево - Терминал B""",А,297.96,35.8,1,POINT (37.41322643 55.98169813),0.0016524726204547233,0,1.0,100005643,37.41157956,55.98153898,100005644,37.41598038,55.98240116
